source,native,name,p_value,significant,description,term_size,query_size,intersection_size,effective_domain_size,precision,recall,query,parents
GO:BP,GO:0045321,leukocyte activation,2.4046321972632486e-20,True,"""A change in morphology and behavior of a leukocyte resulting from exposure to a specific antigen, mitogen, cytokine, cellular ligand, or soluble factor."" [GOC:add]",1012,78,31,25907,0.3974358974358974,0.030632411067193676,query_1,"['GO:0001775', 'GO:0002376']"
GO:BP,GO:0046649,lymphocyte activation,2.8765358860757245e-20,True,"""A change in morphology and behavior of a lymphocyte resulting from exposure to a specific antigen, mitogen, cytokine, chemokine, cellular ligand, or soluble factor."" [GOC:mgi_curators, ISBN:0781735149]",834,78,29,25907,0.3717948717948718,0.03477218225419664,query_1,['GO:0045321']
GO:BP,GO:0001775,cell activation,8.692134506325907e-19,True,"""A multicellular organismal process by which exposure to an activating factor such as a cellular or soluble ligand results in a change in the morphology or behavior of a cell."" [GOC:mgi_curators]",1143,78,31,25907,0.3974358974358974,0.02712160979877515,query_1,"['GO:0009987', 'GO:0032501']"
GO:BP,GO:0002376,immune system process,2.420213485056515e-15,True,"""Any process involved in the development or functioning of the immune system, an organismal system for calibrated responses to potential internal or invasive threats."" [GO_REF:0000022, GOC:add]",2848,78,40,25907,0.5128205128205128,0.014044943820224719,query_1,['GO:0008150']
GO:BP,GO:0042110,T cell activation,8.943124508804844e-14,True,"""The change in morphology and behavior of a mature or immature T cell resulting from exposure to a mitogen, cytokine, chemokine, cellular ligand, or an antigen for which it is specific."" [GOC:mgi_curators, ISBN:0781735149]",598,78,21,25907,0.2692307692307692,0.03511705685618729,query_1,['GO:0046649']
GO:BP,GO:0002694,regulation of leukocyte activation,4.3465907382661154e-13,True,"""Any process that modulates the frequency, rate, or extent of leukocyte activation."" [GOC:add]",562,78,20,25907,0.2564102564102564,0.03558718861209965,query_1,"['GO:0002682', 'GO:0045321', 'GO:0050865']"
GO:BP,GO:0051249,regulation of lymphocyte activation,6.374915056929675e-13,True,"""Any process that modulates the frequency, rate or extent of lymphocyte activation."" [GOC:ai]",493,78,19,25907,0.24358974358974358,0.038539553752535496,query_1,"['GO:0002694', 'GO:0046649']"
GO:BP,GO:0002682,regulation of immune system process,1.0754975557101988e-12,True,"""Any process that modulates the frequency, rate, or extent of an immune system process."" [GOC:add]",1586,78,29,25907,0.3717948717948718,0.01828499369482976,query_1,"['GO:0002376', 'GO:0050789']"
GO:BP,GO:0050865,regulation of cell activation,2.4198955895243223e-12,True,"""Any process that modulates the frequency, rate or extent of cell activation, the change in the morphology or behavior of a cell resulting from exposure to an activating factor such as a cellular or soluble ligand."" [GOC:ai]",615,78,20,25907,0.2564102564102564,0.032520325203252036,query_1,"['GO:0001775', 'GO:0050794', 'GO:0051239']"
GO:BP,GO:0007159,leukocyte cell-cell adhesion,4.5917063816584234e-12,True,"""The attachment of a leukocyte to another cell via adhesion molecules."" [GOC:go_curators]",395,78,17,25907,0.21794871794871795,0.043037974683544304,query_1,['GO:0098609']
GO:BP,GO:0022407,regulation of cell-cell adhesion,5.2973105345032936e-12,True,"""Any process that modulates the frequency, rate or extent of attachment of a cell to another cell."" [GOC:isa_complete]",473,78,18,25907,0.23076923076923078,0.03805496828752643,query_1,"['GO:0030155', 'GO:0098609']"
GO:BP,GO:0030155,regulation of cell adhesion,1.318769480038988e-11,True,"""Any process that modulates the frequency, rate or extent of attachment of a cell to another cell or to the extracellular matrix."" [GOC:mah]",769,78,21,25907,0.2692307692307692,0.027308192457737322,query_1,"['GO:0007155', 'GO:0050794']"
GO:BP,GO:1903037,regulation of leukocyte cell-cell adhesion,1.775070313494423e-11,True,"""Any process that modulates the frequency, rate or extent of leukocyte cell-cell adhesion."" [GO_REF:0000058, GOC:BHF, GOC:rl, GOC:TermGenie, PMID:21106532]",357,78,16,25907,0.20512820512820512,0.04481792717086835,query_1,"['GO:0007159', 'GO:0022407']"
GO:BP,GO:0070661,leukocyte proliferation,1.935948924593994e-11,True,"""The expansion of a leukocyte population by cell division."" [GOC:add]",359,78,16,25907,0.20512820512820512,0.04456824512534819,query_1,['GO:0008283']
GO:BP,GO:0050863,regulation of T cell activation,2.399440855075644e-11,True,"""Any process that modulates the frequency, rate or extent of T cell activation."" [GOC:ai]",364,78,16,25907,0.20512820512820512,0.04395604395604396,query_1,"['GO:0042110', 'GO:0051249']"
GO:BP,GO:0022409,positive regulation of cell-cell adhesion,3.405541317917483e-11,True,"""Any process that activates or increases the rate or extent of cell adhesion to another cell."" [GOC:isa_complete]",305,78,15,25907,0.19230769230769232,0.04918032786885246,query_1,"['GO:0022407', 'GO:0045785', 'GO:0098609']"
GO:BP,GO:1903039,positive regulation of leukocyte cell-cell adhesion,7.123941520055014e-11,True,"""Any process that activates or increases the frequency, rate or extent of leukocyte cell-cell adhesion."" [GO_REF:0000058, GOC:BHF, GOC:rl, GOC:TermGenie, PMID:21106532]",258,78,14,25907,0.1794871794871795,0.05426356589147287,query_1,"['GO:0007159', 'GO:0022409', 'GO:1903037']"
GO:BP,GO:0050870,positive regulation of T cell activation,4.631424017568361e-10,True,"""Any process that activates or increases the frequency, rate or extent of T cell activation."" [GOC:ai]",234,78,13,25907,0.16666666666666666,0.05555555555555555,query_1,"['GO:0042110', 'GO:0050863', 'GO:0051251', 'GO:1903039']"
GO:BP,GO:0030098,lymphocyte differentiation,9.046741297699018e-10,True,"""The process in which a relatively unspecialized precursor cell acquires specialized features of a lymphocyte. A lymphocyte is a leukocyte commonly found in the blood and lymph that has the characteristics of a large nucleus, a neutral staining cytoplasm, and prominent heterochromatin."" [CL:0000542, GOC:go_curators]",461,78,16,25907,0.20512820512820512,0.03470715835140998,query_1,"['GO:0046649', 'GO:1903131']"
GO:BP,GO:0051251,positive regulation of lymphocyte activation,9.57321488349628e-10,True,"""Any process that activates or increases the frequency, rate or extent of lymphocyte activation."" [GOC:ai]",312,78,14,25907,0.1794871794871795,0.04487179487179487,query_1,"['GO:0002696', 'GO:0046649', 'GO:0051249']"
GO:BP,GO:0070663,regulation of leukocyte proliferation,9.727053290341617e-10,True,"""Any process that modulates the frequency, rate or extent of leukocyte proliferation."" [GOC:add, GOC:mah]",248,78,13,25907,0.16666666666666666,0.05241935483870968,query_1,"['GO:0042127', 'GO:0070661']"
GO:BP,GO:0046651,lymphocyte proliferation,1.5312638287820086e-09,True,"""The expansion of a lymphocyte population by cell division."" [GOC:ai]",323,78,14,25907,0.1794871794871795,0.043343653250773995,query_1,"['GO:0032943', 'GO:0046649']"
GO:BP,GO:0032943,mononuclear cell proliferation,2.0464533442691524e-09,True,"""The expansion of a mononuclear cell population by cell division. A mononuclear cell is a leukocyte with a single non-segmented nucleus in the mature form."" [GOC:add]",330,78,14,25907,0.1794871794871795,0.04242424242424243,query_1,['GO:0070661']
GO:BP,GO:0098609,cell-cell adhesion,3.4179703342435027e-09,True,"""The attachment of one cell to another cell via adhesion molecules."" [GOC:dos]",908,78,20,25907,0.2564102564102564,0.022026431718061675,query_1,['GO:0007155']
GO:BP,GO:0002696,positive regulation of leukocyte activation,3.5848816874744414e-09,True,"""Any process that activates or increases the frequency, rate, or extent of leukocyte activation."" [GOC:add]",344,78,14,25907,0.1794871794871795,0.040697674418604654,query_1,"['GO:0002684', 'GO:0002694', 'GO:0045321', 'GO:0050867']"
GO:BP,GO:0051239,regulation of multicellular organismal process,3.933979474612951e-09,True,"""Any process that modulates the frequency, rate or extent of a multicellular organismal process, the processes pertinent to the function of a multicellular organism above the cellular level; includes the integrated processes of tissues and organs."" [GOC:ai, GOC:dph, GOC:tb]",3080,78,34,25907,0.4358974358974359,0.01103896103896104,query_1,"['GO:0032501', 'GO:0050789']"
GO:BP,GO:0050670,regulation of lymphocyte proliferation,7.020277916899466e-09,True,"""Any process that modulates the frequency, rate or extent of lymphocyte proliferation."" [GOC:ai]",226,78,12,25907,0.15384615384615385,0.05309734513274336,query_1,"['GO:0032944', 'GO:0046651', 'GO:0051249']"
GO:BP,GO:0050867,positive regulation of cell activation,8.245542995731352e-09,True,"""Any process that activates or increases the frequency, rate or extent of activation."" [GOC:ai]",366,78,14,25907,0.1794871794871795,0.03825136612021858,query_1,"['GO:0001775', 'GO:0048522', 'GO:0050865', 'GO:0051240']"
GO:BP,GO:0032944,regulation of mononuclear cell proliferation,9.080281791948088e-09,True,"""Any process that modulates the frequency, rate or extent of mononuclear cell proliferation."" [GOC:add]",231,78,12,25907,0.15384615384615385,0.05194805194805195,query_1,"['GO:0032943', 'GO:0070663']"
GO:BP,GO:0050900,leukocyte migration,9.88894862941112e-09,True,"""The movement of a leukocyte within or between different tissues and organs of the body."" [GOC:add, ISBN:0781735149, PMID:14680625, PMID:14708592, PMID:7507411, PMID:8600538]",371,78,14,25907,0.1794871794871795,0.03773584905660377,query_1,"['GO:0002376', 'GO:0016477']"
GO:BP,GO:1903131,mononuclear cell differentiation,1.1638177941852575e-08,True,"""The process in which a relatively unspecialized cell acquires the specialized features of a mononuclear cell."" [CL:0000842, GO_REF:0000086, GOC:TermGenie, PMID:24759906]",546,78,16,25907,0.20512820512820512,0.029304029304029304,query_1,['GO:0002521']
GO:BP,GO:0045785,positive regulation of cell adhesion,1.9488852109016164e-08,True,"""Any process that activates or increases the frequency, rate or extent of cell adhesion."" [GOC:go_curators]",474,78,15,25907,0.19230769230769232,0.03164556962025317,query_1,"['GO:0007155', 'GO:0030155', 'GO:0048522']"
GO:BP,GO:0002521,leukocyte differentiation,2.0651169678983674e-08,True,"""The process in which a relatively unspecialized hemopoietic precursor cell acquires the specialized features of a leukocyte. A leukocyte is an achromatic cell of the myeloid or lymphoid lineages capable of ameboid movement, found in blood or other tissue."" [CL:0000738, GOC:add, PMID:16551264]",666,78,17,25907,0.21794871794871795,0.025525525525525526,query_1,"['GO:0030097', 'GO:0030154']"
GO:BP,GO:0030097,hemopoiesis,4.173982446383591e-08,True,"""The process whose specific outcome is the progression of the myeloid and lymphoid derived organ/tissue systems of the blood and other parts of the body over time, from formation to the mature structure. The site of hemopoiesis is variable during development, but occurs primarily in bone marrow or kidney in many adult vertebrates."" [GOC:dgh, ISBN:0198506732]",1043,78,20,25907,0.2564102564102564,0.019175455417066157,query_1,['GO:0048468']
GO:BP,GO:0070665,positive regulation of leukocyte proliferation,5.2035452755194413e-08,True,"""Any process that activates or increases the frequency, rate or extent of leukocyte proliferation."" [GOC:add, GOC:mah]",150,78,10,25907,0.1282051282051282,0.06666666666666667,query_1,"['GO:0008284', 'GO:0070661', 'GO:0070663']"
GO:BP,GO:0042098,T cell proliferation,9.260056176497771e-08,True,"""The expansion of a T cell population by cell division. Follows T cell activation."" [GOC:jl]",216,78,11,25907,0.14102564102564102,0.05092592592592592,query_1,"['GO:0042110', 'GO:0046651']"
GO:BP,GO:0002684,positive regulation of immune system process,1.2443448902893657e-07,True,"""Any process that activates or increases the frequency, rate, or extent of an immune system process."" [GOC:add]",1109,78,20,25907,0.2564102564102564,0.018034265103697024,query_1,"['GO:0002376', 'GO:0002682', 'GO:0048518']"
GO:BP,GO:0016477,cell migration,1.4418908736501084e-07,True,"""The controlled self-propelled movement of a cell from one site to a destination guided by molecular cues."" [GOC:cjm, GOC:dph, GOC:ems, GOC:pf, Wikipedia:Cell_migration]",1539,78,23,25907,0.2948717948717949,0.014944769330734242,query_1,['GO:0048870']
GO:BP,GO:0042129,regulation of T cell proliferation,2.137754495628798e-07,True,"""Any process that modulates the frequency, rate or extent of T cell proliferation."" [GOC:jl]",173,78,10,25907,0.1282051282051282,0.057803468208092484,query_1,"['GO:0042098', 'GO:0050670', 'GO:0050863']"
GO:BP,GO:0007155,cell adhesion,2.551177202389098e-07,True,"""The attachment of a cell, either to another cell or to an underlying substrate such as the extracellular matrix, via cell adhesion molecules."" [GOC:hb, GOC:pf]",1435,78,22,25907,0.28205128205128205,0.015331010452961672,query_1,['GO:0009987']
GO:BP,GO:0046631,alpha-beta T cell activation,4.839609880081557e-07,True,"""The change in morphology and behavior of an alpha-beta T cell resulting from exposure to a mitogen, cytokine, chemokine, cellular ligand, or an antigen for which it is specific."" [GOC:add]",188,78,10,25907,0.1282051282051282,0.05319148936170213,query_1,['GO:0042110']
GO:BP,GO:0050671,positive regulation of lymphocyte proliferation,5.390409293816348e-07,True,"""Any process that activates or increases the rate or extent of lymphocyte proliferation."" [GOC:ai]",135,78,9,25907,0.11538461538461539,0.06666666666666667,query_1,"['GO:0032946', 'GO:0046651', 'GO:0050670', 'GO:0051251']"
GO:BP,GO:0048870,cell motility,5.410268797220049e-07,True,"""Any process involved in the controlled self-propelled movement of a cell that results in translocation of the cell from one place to another."" [GOC:dgh, GOC:dph, GOC:isa_complete, GOC:mlg]",1804,78,24,25907,0.3076923076923077,0.013303769401330377,query_1,['GO:0009987']
GO:BP,GO:0032946,positive regulation of mononuclear cell proliferation,6.561830180678851e-07,True,"""Any process that activates or increases the frequency, rate or extent of mononuclear cell proliferation."" [GOC:add]",138,78,9,25907,0.11538461538461539,0.06521739130434782,query_1,"['GO:0032943', 'GO:0032944', 'GO:0070665']"
GO:BP,GO:0042102,positive regulation of T cell proliferation,9.267134233910644e-07,True,"""Any process that activates or increases the rate or extent of T cell proliferation."" [GOC:ai]",96,78,8,25907,0.10256410256410256,0.08333333333333333,query_1,"['GO:0042098', 'GO:0042129', 'GO:0050671', 'GO:0050870']"
GO:BP,GO:0040011,locomotion,1.23381912955658e-06,True,"""Self-propelled movement of a cell or organism from one location to another."" [GOC:dgh]",1264,78,20,25907,0.2564102564102564,0.015822784810126583,query_1,['GO:0008150']
GO:BP,GO:0050896,response to stimulus,1.7873152117255833e-06,True,"""Any process that results in a change in state or activity of a cell or an organism (in terms of movement, secretion, enzyme production, gene expression, etc.) as a result of a stimulus. The process begins with detection of the stimulus and ends with a change in state or activity or the cell or organism."" [GOC:ai, GOC:bf]",10427,78,58,25907,0.7435897435897436,0.005562482017838304,query_1,['GO:0008150']
GO:BP,GO:0008283,cell population proliferation,2.1586993656823637e-06,True,"""The multiplication or reproduction of cells, resulting in the expansion of a cell population."" [GOC:mah, GOC:mb]",2103,78,25,25907,0.32051282051282054,0.011887779362815026,query_1,['GO:0009987']
GO:BP,GO:0002252,immune effector process,3.033588070597337e-06,True,"""Any process of the immune system that executes a component of an immune response. An effector immune process takes place after its activation."" [GO_REF:0000022, GOC:add, ISBN:0781735149]",798,78,16,25907,0.20512820512820512,0.020050125313283207,query_1,['GO:0002376']
GO:BP,GO:0048522,positive regulation of cellular process,3.295376925820412e-06,True,"""Any process that activates or increases the frequency, rate or extent of a cellular process, any of those that are carried out at the cellular level, but are not necessarily restricted to a single cell. For example, cell communication occurs among more than one cell, but occurs at the cellular level."" [GOC:jid]",6095,78,43,25907,0.5512820512820513,0.007054963084495488,query_1,"['GO:0009987', 'GO:0048518', 'GO:0050794']"
GO:BP,GO:0048518,positive regulation of biological process,5.235911616256846e-06,True,"""Any process that activates or increases the frequency, rate or extent of a biological process. Biological processes are regulated by many means; examples include the control of gene expression, protein modification or interaction with a protein or substrate molecule."" [GOC:jid]",6447,78,44,25907,0.5641025641025641,0.0068248797890491705,query_1,"['GO:0008150', 'GO:0050789']"
GO:BP,GO:0030217,T cell differentiation,5.93567133721236e-06,True,"""The process in which a precursor cell type acquires characteristics of a more mature T-cell. A T cell is a type of lymphocyte whose definin characteristic is the expression of a T cell receptor complex."" [GO_REF:0000022, GOC:jid, GOC:mah]",320,78,11,25907,0.14102564102564102,0.034375,query_1,"['GO:0030098', 'GO:0042110']"
GO:BP,GO:0042127,regulation of cell population proliferation,8.977363053676415e-06,True,"""Any process that modulates the frequency, rate or extent of cell proliferation."" [GOC:jl]",1736,78,22,25907,0.28205128205128205,0.012672811059907835,query_1,"['GO:0008283', 'GO:0050794']"
GO:BP,GO:0050794,regulation of cellular process,1.336539573517066e-05,True,"""Any process that modulates the frequency, rate or extent of a cellular process, any of those that are carried out at the cellular level, but are not necessarily restricted to a single cell. For example, cell communication occurs among more than one cell, but occurs at the cellular level."" [GOC:go_curators]",12715,78,63,25907,0.8076923076923077,0.004954777821470704,query_1,"['GO:0009987', 'GO:0050789']"
GO:BP,GO:0050789,regulation of biological process,1.3786381679714654e-05,True,"""Any process that modulates the frequency, rate or extent of a biological process. Biological processes are regulated by many means; examples include the control of gene expression, protein modification or interaction with a protein or substrate molecule."" [GOC:ai, GOC:go_curators]",13108,78,64,25907,0.8205128205128205,0.004882514494964907,query_1,"['GO:0008150', 'GO:0065007']"
GO:BP,GO:0065007,biological regulation,1.3836592811921516e-05,True,"""Any process that modulates a measurable attribute of any biological process, quality or function."" [GOC:dph, GOC:isa_complete, GOC:mah, GOC:pr, GOC:vw]",13503,78,65,25907,0.8333333333333334,0.004813745093682886,query_1,['GO:0008150']
GO:BP,GO:0006935,chemotaxis,1.8607125320931648e-05,True,"""The directed movement of a motile cell or organism, or the directed growth of a cell guided by a specific chemical concentration gradient. Movement may be towards a higher concentration (positive chemotaxis) or towards a lower concentration (negative chemotaxis)."" [ISBN:0198506732]",450,78,12,25907,0.15384615384615385,0.02666666666666667,query_1,"['GO:0042221', 'GO:0042330']"
GO:BP,GO:0042330,taxis,1.9543955940222802e-05,True,"""The directed movement of a motile cell or organism in response to an external stimulus."" [GOC:jl, ISBN:0192801023]",452,78,12,25907,0.15384615384615385,0.02654867256637168,query_1,"['GO:0009605', 'GO:0040011']"
GO:BP,GO:0009605,response to external stimulus,3.141225909688626e-05,True,"""Any process that results in a change in state or activity of a cell or an organism (in terms of movement, secretion, enzyme production, gene expression, etc.) as a result of an external stimulus."" [GOC:hb]",2589,78,26,25907,0.3333333333333333,0.010042487446890692,query_1,['GO:0050896']
GO:BP,GO:0030595,leukocyte chemotaxis,3.661827588421964e-05,True,"""The movement of a leukocyte in response to an external stimulus."" [GOC:add, GOC:jl]",218,78,9,25907,0.11538461538461539,0.04128440366972477,query_1,"['GO:0050900', 'GO:0060326']"
GO:BP,GO:0002685,regulation of leukocyte migration,4.454100971315502e-05,True,"""Any process that modulates the frequency, rate, or extent of leukocyte migration."" [GOC:add]",223,78,9,25907,0.11538461538461539,0.04035874439461883,query_1,"['GO:0002682', 'GO:0030334', 'GO:0050900']"
GO:BP,GO:0042113,B cell activation,4.6229940933659995e-05,True,"""The change in morphology and behavior of a mature or immature B cell resulting from exposure to a mitogen, cytokine, chemokine, cellular ligand, or an antigen for which it is specific."" [GOC:mgi_curators, ISBN:0781735149]",302,78,10,25907,0.1282051282051282,0.033112582781456956,query_1,['GO:0046649']
GO:BP,GO:0030334,regulation of cell migration,5.330647165915708e-05,True,"""Any process that modulates the frequency, rate or extent of cell migration."" [GOC:go_curators]",978,78,16,25907,0.20512820512820512,0.016359918200409,query_1,"['GO:0016477', 'GO:2000145']"
GO:BP,GO:0031295,T cell costimulation,5.4037387836936114e-05,True,"""The process of providing, via surface-bound receptor-ligand pairs, a second, antigen-independent, signal in addition to that provided by the T cell receptor to augment T cell activation."" [ISBN:0781735149]",30,78,5,25907,0.0641025641025641,0.16666666666666666,query_1,"['GO:0031294', 'GO:0050870']"
GO:BP,GO:0060326,cell chemotaxis,6.281953880494807e-05,True,"""The directed movement of a motile cell guided by a specific chemical concentration gradient. Movement may be towards a higher concentration (positive chemotaxis) or towards a lower concentration (negative chemotaxis)."" [GOC:dph]",312,78,10,25907,0.1282051282051282,0.03205128205128205,query_1,"['GO:0006935', 'GO:0016477', 'GO:0070887']"
GO:BP,GO:0051240,positive regulation of multicellular organismal process,7.236577706544814e-05,True,"""Any process that activates or increases the frequency, rate or extent of an organismal process, any of the processes pertinent to the function of an organism above the cellular level; includes the integrated processes of tissues and organs."" [GOC:ai]",1775,78,21,25907,0.2692307692307692,0.011830985915492958,query_1,"['GO:0032501', 'GO:0048518', 'GO:0051239']"
GO:BP,GO:0031294,lymphocyte costimulation,7.60025829493397e-05,True,"""The process of providing, via surface-bound receptor-ligand pairs, a second, antigen-independent, signal in addition to that provided by the B- or T cell receptor to augment B- or T cell activation."" [ISBN:0781735149]",32,78,5,25907,0.0641025641025641,0.15625,query_1,"['GO:0002376', 'GO:0051251']"
GO:BP,GO:0002366,leukocyte activation involved in immune response,9.212701395452062e-05,True,"""A change in morphology and behavior of a leukocyte resulting from exposure to a specific antigen, mitogen, cytokine, cellular ligand, or soluble factor, leading to the initiation or perpetuation of an immune response."" [GOC:add, ISBN:0781735149]",325,78,10,25907,0.1282051282051282,0.03076923076923077,query_1,"['GO:0002263', 'GO:0045321']"
GO:BP,GO:0006955,immune response,9.543852082275541e-05,True,"""Any immune system process that functions in the calibrated response of an organism to a potential internal or invasive threat."" [GO_REF:0000022, GOC:add]",1979,78,22,25907,0.28205128205128205,0.011116725618999495,query_1,"['GO:0002376', 'GO:0050896']"
GO:BP,GO:0002263,cell activation involved in immune response,9.757103014621563e-05,True,"""A change in the morphology or behavior of a cell resulting from exposure to an activating factor such as a cellular or soluble ligand, leading to the initiation or perpetuation of an immune response."" [GO_REF:0000022, GOC:add, ISBN:0781735149]",327,78,10,25907,0.1282051282051282,0.03058103975535168,query_1,"['GO:0001775', 'GO:0002252', 'GO:0006955']"
GO:BP,GO:2000145,regulation of cell motility,0.00011486908888067065,True,"""Any process that modulates the frequency, rate or extent of cell motility."" [GOC:mah]",1034,78,16,25907,0.20512820512820512,0.015473887814313346,query_1,"['GO:0040012', 'GO:0048870', 'GO:0050794']"
GO:BP,GO:0006950,response to stress,0.00020850933386646847,True,"""Any process that results in a change in state or activity of a cell or an organism (in terms of movement, secretion, enzyme production, gene expression, etc.) as a result of a disturbance in organismal or cellular homeostasis, usually, but not necessarily, exogenous (e.g. temperature, humidity, ionizing radiation)."" [GOC:mah]",3917,78,31,25907,0.3974358974358974,0.00791422006637733,query_1,['GO:0050896']
GO:BP,GO:0040012,regulation of locomotion,0.00021081369952821887,True,"""Any process that modulates the frequency, rate or extent of locomotion of a cell or organism."" [GOC:ems]",1081,78,16,25907,0.20512820512820512,0.014801110083256245,query_1,"['GO:0040011', 'GO:0050789']"
GO:BP,GO:0032501,multicellular organismal process,0.0003319630524444114,True,"""Any biological process, occurring at the level of a multicellular organism, pertinent to its function."" [GOC:curators, GOC:dph, GOC:isa_complete, GOC:tb]",8499,78,48,25907,0.6153846153846154,0.0056477232615601836,query_1,['GO:0008150']
GO:BP,GO:0046632,alpha-beta T cell differentiation,0.00033734199429695093,True,"""The process in which a precursor cell type acquires the specialized features of an alpha-beta T cell. An alpha-beta T cell is a T cell that expresses an alpha-beta T cell receptor complex."" [CL:0000789, GOC:ai]",136,78,7,25907,0.08974358974358974,0.051470588235294115,query_1,"['GO:0030217', 'GO:0046631']"
GO:BP,GO:0002250,adaptive immune response,0.0004828437414557527,True,"""An immune response mediated by cells expressing specific receptors for antigens produced through a somatic diversification process, and allowing for an enhanced secondary response to subsequent exposures to the same antigen (immunological memory)."" [GO_REF:0000022, GOC:add, ISBN:0781735149]",607,78,12,25907,0.15384615384615385,0.019769357495881382,query_1,['GO:0006955']
GO:BP,GO:0002683,negative regulation of immune system process,0.0005248080622263112,True,"""Any process that stops, prevents, or reduces the frequency, rate, or extent of an immune system process."" [GOC:add]",497,78,11,25907,0.14102564102564102,0.022132796780684104,query_1,"['GO:0002376', 'GO:0002682', 'GO:0048519']"
GO:BP,GO:0043368,positive T cell selection,0.000558893666545968,True,"""The process of sparing immature T cells which react with self-MHC protein complexes with low affinity levels from apoptotic death."" [ISBN:0781735149, PMID:12414722]",47,78,5,25907,0.0641025641025641,0.10638297872340426,query_1,['GO:0045058']
GO:BP,GO:0008284,positive regulation of cell population proliferation,0.0008234607187139565,True,"""Any process that activates or increases the rate or extent of cell proliferation."" [GOC:go_curators]",1045,78,15,25907,0.19230769230769232,0.014354066985645933,query_1,"['GO:0008283', 'GO:0042127', 'GO:0048522']"
KEGG,KEGG:04640,Hematopoietic cell lineage,0.0009342170674816369,True,Hematopoietic cell lineage,94,52,6,9330,0.11538461538461539,0.06382978723404255,query_1,['KEGG:00000']
GO:BP,GO:0002285,lymphocyte activation involved in immune response,0.0009904595687904435,True,"""A change in morphology and behavior of a lymphocyte resulting from exposure to a specific antigen, mitogen, cytokine, chemokine, cellular ligand, or soluble factor, leading to the initiation or perpetuation of an immune response."" [GOC:add, ISBN:0781735149]",234,78,8,25907,0.10256410256410256,0.03418803418803419,query_1,"['GO:0002366', 'GO:0046649']"
GO:BP,GO:0051716,cellular response to stimulus,0.0010201660021953057,True,"""Any process that results in a change in state or activity of a cell (in terms of movement, secretion, enzyme production, gene expression, etc.) as a result of a stimulus. The process begins with detection of the stimulus by a cell and ends with a change in state or activity or the cell."" [GOC:bf, GOC:jl]",8484,78,47,25907,0.6025641025641025,0.00553983969825554,query_1,"['GO:0009987', 'GO:0050896']"
GO:BP,GO:1903706,regulation of hemopoiesis,0.0011189068072001357,True,"""Any process that modulates the frequency, rate or extent of hemopoiesis."" [GO_REF:0000058, GOC:pad, GOC:PARL, GOC:TermGenie, PMID:20080761]",426,78,10,25907,0.1282051282051282,0.023474178403755867,query_1,"['GO:0002682', 'GO:0030097', 'GO:0060284', 'GO:2000026']"
GO:BP,GO:0032502,developmental process,0.001667138959797395,True,"""A biological process whose specific outcome is the progression of an integrated living unit: an anatomical structure (which may be a subcellular structure, cell, tissue, or organ), or organism over time from an initial condition to a later condition."" [GOC:isa_complete]",6873,78,41,25907,0.5256410256410257,0.005965371744507493,query_1,['GO:0008150']
GO:BP,GO:0030154,cell differentiation,0.0018247724504914904,True,"""The cellular developmental process in which a relatively unspecialized cell, e.g. embryonic or regenerative cell, acquires specialized structural and/or functional features that characterize a specific cell. Differentiation includes the processes involved in commitment of a cell to a specific fate and its subsequent development to the mature state."" [ISBN:0198506732]",4795,78,33,25907,0.4230769230769231,0.0068821689259645465,query_1,['GO:0048869']
GO:BP,GO:0048869,cellular developmental process,0.0018336894254849347,True,"""A biological process whose specific outcome is the progression of a cell over time from an initial condition to a later condition."" [GOC:isa_complete]",4796,78,33,25907,0.4230769230769231,0.006880733944954129,query_1,"['GO:0009987', 'GO:0032502']"
KEGG,KEGG:04060,Cytokine-cytokine receptor interaction,0.0020339632852443557,True,Cytokine-cytokine receptor interaction,290,52,9,9330,0.17307692307692307,0.03103448275862069,query_1,['KEGG:00000']
GO:BP,GO:0010557,positive regulation of macromolecule biosynthetic process,0.002164518590678896,True,"""Any process that increases the rate, frequency or extent of the chemical reactions and pathways resulting in the formation of a macromolecule, any molecule of high relative molecular mass, the structure of which essentially comprises the multiple repetition of units derived, actually or conceptually, from molecules of low relative molecular mass."" [GOC:dph, GOC:tb]",2571,78,23,25907,0.2948717948717949,0.008945935433683392,query_1,"['GO:0009059', 'GO:0009891', 'GO:0010556', 'GO:0010604']"
GO:BP,GO:0030335,positive regulation of cell migration,0.002350238004533218,True,"""Any process that activates or increases the frequency, rate or extent of cell migration."" [GOC:go_curators]",579,78,11,25907,0.14102564102564102,0.018998272884283247,query_1,"['GO:0016477', 'GO:0030334', 'GO:2000147']"
GO:BP,GO:0046634,regulation of alpha-beta T cell activation,0.002459398922726161,True,"""Any process that modulates the frequency, rate or extent of alpha-beta T cell activation."" [GOC:ai]",115,78,6,25907,0.07692307692307693,0.05217391304347826,query_1,"['GO:0046631', 'GO:0050863']"
GO:BP,GO:0045058,T cell selection,0.0024665775774355145,True,"""The process in which T cells that express T cell receptors that are restricted by self MHC protein complexes and tolerant to self antigens are selected for further maturation."" [ISBN:0781735149, PMID:12414722]",63,78,5,25907,0.0641025641025641,0.07936507936507936,query_1,"['GO:0002376', 'GO:0030217']"
GO:BP,GO:0006915,apoptotic process,0.0027105229678024405,True,"""A programmed cell death process which begins when a cell receives an internal (e.g. DNA damage) or external signal (e.g. an extracellular death ligand), and proceeds through a series of biochemical events (signaling pathway phase) which trigger an execution phase. The execution phase is the last step of an apoptotic process, and is typically characterized by rounding-up of the cell, retraction of pseudopodes, reduction of cellular volume (pyknosis), chromatin condensation, nuclear fragmentation (karyorrhexis), plasma membrane blebbing and fragmentation of the cell into apoptotic bodies. When the execution phase is completed, the cell has died."" [GOC:cjm, GOC:dhl, GOC:ecd, GOC:go_curators, GOC:mtg_apoptosis, GOC:tb, ISBN:0198506732, PMID:18846107, PMID:21494263]",2015,78,20,25907,0.2564102564102564,0.009925558312655087,query_1,['GO:0012501']
GO:BP,GO:0042100,B cell proliferation,0.0027207529136310114,True,"""The expansion of a B cell population by cell division. Follows B cell activation."" [GOC:jl]",117,78,6,25907,0.07692307692307693,0.05128205128205128,query_1,"['GO:0042113', 'GO:0046651']"
GO:BP,GO:0030888,regulation of B cell proliferation,0.002885005967980548,True,"""Any process that modulates the frequency, rate or extent of B cell proliferation."" [GOC:mah]",65,78,5,25907,0.0641025641025641,0.07692307692307693,query_1,"['GO:0042100', 'GO:0050670', 'GO:0050864']"
GO:BP,GO:0048583,regulation of response to stimulus,0.0030665192532275238,True,"""Any process that modulates the frequency, rate or extent of a response to a stimulus. Response to stimulus is a change in state or activity of a cell or an organism (in terms of movement, secretion, enzyme production, gene expression, etc.) as a result of a stimulus."" [GOC:jid]",3939,78,29,25907,0.3717948717948718,0.007362274689007363,query_1,"['GO:0050789', 'GO:0050896']"
GO:BP,GO:0072678,T cell migration,0.0033574221213486686,True,"""The movement of a T cell within or between different tissues and organs of the body."" [CL:0000084, GOC:BHF, GOC:mah]",67,78,5,25907,0.0641025641025641,0.07462686567164178,query_1,['GO:0072676']
KEGG,KEGG:04514,Cell adhesion molecules,0.0034323529482707944,True,Cell adhesion molecules,174,52,7,9330,0.1346153846153846,0.040229885057471264,query_1,['KEGG:00000']
GO:BP,GO:2000147,positive regulation of cell motility,0.0035947887334972966,True,"""Any process that activates or increases the frequency, rate or extent of cell motility."" [GOC:mah]",605,78,11,25907,0.14102564102564102,0.01818181818181818,query_1,"['GO:0040017', 'GO:0048522', 'GO:0048870', 'GO:2000145']"
GO:BP,GO:0048856,anatomical structure development,0.004297175238675917,True,"""The biological process whose specific outcome is the progression of an anatomical structure from an initial condition to its mature state. This process begins with the formation of the structure and ends with the mature structure, whatever form that may be including its natural destruction. An anatomical structure is any biological entity that occupies space and is distinguished from its surroundings. Anatomical structures can be macroscopic such as a carpel, or microscopic such as an acrosome."" [GO_REF:0000021]",6280,78,38,25907,0.48717948717948717,0.006050955414012739,query_1,['GO:0032502']
GO:BP,GO:0071674,mononuclear cell migration,0.004379638408871676,True,"""The movement of a mononuclear cell within or between different tissues and organs of the body."" [GOC:mah]",199,78,7,25907,0.08974358974358974,0.035175879396984924,query_1,['GO:0050900']
GO:BP,GO:0012501,programmed cell death,0.004457041213842145,True,"""A process which begins when a cell receives an internal or external signal and activates a series of biochemical events (signaling pathway). The process ends with the death of the cell."" [GOC:lr, GOC:mtg_apoptosis]",2081,78,20,25907,0.2564102564102564,0.009610764055742432,query_1,['GO:0008219']
GO:BP,GO:0008219,cell death,0.004457041213842145,True,"""Any biological process that results in permanent cessation of all vital functions of a cell. A cell should be considered dead when any one of the following molecular or morphological criteria is met: (1) the cell has lost the integrity of its plasma membrane; (2) the cell, including its nucleus, has undergone complete fragmentation into discrete bodies (frequently referred to as apoptotic bodies). The cell corpse (or its fragments) may be engulfed by an adjacent cell in vivo, but engulfment of whole cells should not be considered a strict criteria to define cell death as, under some circumstances, live engulfed cells can be released from phagosomes (see PMID:18045538)."" [GOC:mah, GOC:mtg_apoptosis, PMID:25236395]",2081,78,20,25907,0.2564102564102564,0.009610764055742432,query_1,['GO:0009987']
GO:BP,GO:0040017,positive regulation of locomotion,0.004765787084096767,True,"""Any process that activates or increases the frequency, rate or extent of locomotion of a cell or organism."" [GOC:go_curators]",623,78,11,25907,0.14102564102564102,0.01765650080256822,query_1,"['GO:0040011', 'GO:0040012', 'GO:0048518']"
GO:BP,GO:0046635,positive regulation of alpha-beta T cell activation,0.004807351977133148,True,"""Any process that activates or increases the frequency, rate or extent of alpha-beta T cell activation."" [GOC:ai]",72,78,5,25907,0.0641025641025641,0.06944444444444445,query_1,"['GO:0046631', 'GO:0046634', 'GO:0050870']"
GO:BP,GO:0009891,positive regulation of biosynthetic process,0.004937632459396299,True,"""Any process that activates or increases the frequency, rate or extent of the chemical reactions and pathways resulting in the formation of substances."" [GOC:go_curators]",2697,78,23,25907,0.2948717948717949,0.008527994067482388,query_1,"['GO:0009058', 'GO:0009889', 'GO:0009893']"
KEGG,KEGG:04062,Chemokine signaling pathway,0.0058018384499377565,True,Chemokine signaling pathway,189,52,7,9330,0.1346153846153846,0.037037037037037035,query_1,['KEGG:00000']
GO:BP,GO:0051707,response to other organism,0.005858815865747556,True,"""Any process that results in a change in state or activity of a cell or an organism (in terms of movement, secretion, enzyme production, gene expression, etc.) as a result of a stimulus from another living organism."" [GOC:ai]",1742,78,18,25907,0.23076923076923078,0.010332950631458095,query_1,"['GO:0043207', 'GO:0044419']"
GO:BP,GO:0046637,regulation of alpha-beta T cell differentiation,0.00588856665376678,True,"""Any process that modulates the frequency, rate or extent of alpha-beta T cell differentiation."" [GOC:ai]",75,78,5,25907,0.0641025641025641,0.06666666666666667,query_1,"['GO:0045580', 'GO:0046632', 'GO:0046634']"
GO:BP,GO:0043207,response to external biotic stimulus,0.006050754854098167,True,"""Any process that results in a change in state or activity of a cell or an organism (in terms of movement, secretion, enzyme production, gene expression, etc.) as a result of an external biotic stimulus, an external stimulus caused by, or produced by living things."" [GOC:go_curators]",1746,78,18,25907,0.23076923076923078,0.010309278350515464,query_1,"['GO:0009605', 'GO:0009607']"
GO:BP,GO:0050864,regulation of B cell activation,0.0068170035115651525,True,"""Any process that modulates the frequency, rate or extent of B cell activation."" [GOC:ai]",137,78,6,25907,0.07692307692307693,0.043795620437956206,query_1,"['GO:0042113', 'GO:0051249']"
GO:BP,GO:0045619,regulation of lymphocyte differentiation,0.007079762365781536,True,"""Any process that modulates the frequency, rate or extent of lymphocyte differentiation."" [GOC:go_curators]",214,78,7,25907,0.08974358974358974,0.03271028037383177,query_1,"['GO:0030098', 'GO:0051249', 'GO:1902105']"
GO:BP,GO:0009607,response to biotic stimulus,0.0083738525208058,True,"""Any process that results in a change in state or activity of a cell or an organism (in terms of movement, secretion, enzyme production, gene expression, etc.) as a result of a biotic stimulus, a stimulus caused or produced by a living organism."" [GOC:hb]",1787,78,18,25907,0.23076923076923078,0.010072747621712367,query_1,['GO:0050896']
GO:BP,GO:0002822,regulation of adaptive immune response based on somatic recombination of immune receptors built from immunoglobulin superfamily domains,0.008492141784413055,True,"""Any process that modulates the frequency, rate, or extent of an adaptive immune response based on somatic recombination of immune receptors built from immunoglobulin superfamily domains. An example of this process is found in the Gnathostomata."" [GOC:add, GOC:mtg_sensu]",220,78,7,25907,0.08974358974358974,0.031818181818181815,query_1,"['GO:0002460', 'GO:0002819']"
GO:BP,GO:0006909,phagocytosis,0.008748913591707326,True,"""A vesicle-mediated transport process that results in the engulfment of external particulate material by phagocytes and their delivery to the lysosome. The particles are initially contained within phagocytic vacuoles (phagosomes), which then fuse with primary lysosomes to effect digestion of the particles."" [ISBN:0198506732]",221,78,7,25907,0.08974358974358974,0.03167420814479638,query_1,['GO:0006897']
GO:BP,GO:0006952,defense response,0.009263663181285966,True,"""Reactions, triggered in response to the presence of a foreign body or the occurrence of an injury, which result in restriction of damage to the organism attacked or prevention/recovery from the infection caused by the attack."" [GOC:go_curators]",1800,78,18,25907,0.23076923076923078,0.01,query_1,['GO:0006950']
GO:BP,GO:0006954,inflammatory response,0.009744746430938188,True,"""The immediate defensive reaction (by vertebrate tissue) to infection or injury caused by chemical or physical agents. The process is characterized by local vasodilation, extravasation of plasma into intercellular spaces and accumulation of white blood cells and macrophages."" [GO_REF:0000022, ISBN:0198506732]",810,78,12,25907,0.15384615384615385,0.014814814814814815,query_1,['GO:0006952']
GO:BP,GO:0001562,response to protozoan,0.010688044715727736,True,"""Any process that results in a change in state or activity of a cell or an organism (in terms of movement, secretion, enzyme production, gene expression, etc.) as a result of a stimulus from a protozoan."" [GOC:ai]",39,78,4,25907,0.05128205128205128,0.10256410256410256,query_1,['GO:0051707']
GO:BP,GO:0009893,positive regulation of metabolic process,0.011149318660376526,True,"""Any process that activates or increases the frequency, rate or extent of the chemical reactions and pathways within a cell or an organism."" [GOC:go_curators]",3493,78,26,25907,0.3333333333333333,0.007443458345261953,query_1,"['GO:0008152', 'GO:0019222', 'GO:0048522']"
GO:BP,GO:0002697,regulation of immune effector process,0.011205485175593714,True,"""Any process that modulates the frequency, rate, or extent of an immune effector process."" [GOC:add]",432,78,9,25907,0.11538461538461539,0.020833333333333332,query_1,"['GO:0002252', 'GO:0002682']"
GO:BP,GO:0006897,endocytosis,0.011918475523838635,True,"""A vesicle-mediated transport process in which cells take up external materials or membrane constituents by the invagination of a part of the plasma membrane to form a new membrane-bounded vesicle."" [GOC:mah, ISBN:0198506732, ISBN:0716731363, Wikipedia:Endocytosis]",686,78,11,25907,0.14102564102564102,0.016034985422740525,query_1,"['GO:0016192', 'GO:0098657']"
GO:BP,GO:0002819,regulation of adaptive immune response,0.012720858487247385,True,"""Any process that modulates the frequency, rate, or extent of an adaptive immune response."" [GOC:add]",234,78,7,25907,0.08974358974358974,0.029914529914529916,query_1,"['GO:0002250', 'GO:0050776']"
GO:BP,GO:0002687,positive regulation of leukocyte migration,0.013372475965687667,True,"""Any process that activates or increases the frequency, rate, or extent of leukocyte migration."" [GOC:add]",154,78,6,25907,0.07692307692307693,0.03896103896103896,query_1,"['GO:0002684', 'GO:0002685', 'GO:0030335', 'GO:0050900']"
GO:BP,GO:1902105,regulation of leukocyte differentiation,0.01550023244765812,True,"""Any process that modulates the frequency, rate or extent of leukocyte differentiation."" [GOC:add, GOC:TermGenie]",339,78,8,25907,0.10256410256410256,0.02359882005899705,query_1,"['GO:0002521', 'GO:1903706']"
GO:BP,GO:0044419,biological process involved in interspecies interaction between organisms,0.01570099913234101,True,"""Any process evolved to enable an interaction with an organism of a different species."" [GOC:cc]",1870,78,18,25907,0.23076923076923078,0.009625668449197862,query_1,['GO:0008150']
GO:BP,GO:0060627,regulation of vesicle-mediated transport,0.016629213663029094,True,"""Any process that modulates the rate, frequency, or extent of vesicle-mediated transport, the directed movement of substances, either within a vesicle or in the vesicle membrane, into, out of or within a cell."" [GOC:dph, GOC:tb]",577,78,10,25907,0.1282051282051282,0.01733102253032929,query_1,"['GO:0016192', 'GO:0050794', 'GO:0051049']"
GO:BP,GO:0002460,adaptive immune response based on somatic recombination of immune receptors built from immunoglobulin superfamily domains,0.016685390183915075,True,"""An immune response mediated by lymphocytes expressing specific receptors for antigen produced through a somatic diversification process that includes somatic recombination of germline gene segments encoding immunoglobulin superfamily domains. Recombined receptors for antigen encoded by immunoglobulin superfamily domains include T cell receptors and immunoglobulins (antibodies) produced by B cells. The first encounter with antigen elicits a primary immune response that is slow and not of great magnitude. T and B cells selected by antigen become activated and undergo clonal expansion. A fraction of antigen-reactive T and B cells become memory cells, whereas others differentiate into effector cells. The memory cells generated during the primary response enable a much faster and stronger secondary immune response upon subsequent exposures to the same antigen (immunological memory). An example of this is the adaptive immune response found in Mus musculus."" [GOC:add, GOC:mtg_sensu, ISBN:0781735149, ISBN:1405196831]",454,78,9,25907,0.11538461538461539,0.019823788546255508,query_1,['GO:0002250']
GO:BP,GO:0050793,regulation of developmental process,0.01710364299068007,True,"""Any process that modulates the frequency, rate or extent of development, the biological process whose specific outcome is the progression of a multicellular organism over time from an initial condition (e.g. a zygote, or a young adult) to a later condition (e.g. a multicellular animal or an aged adult)."" [GOC:go_curators]",2689,78,22,25907,0.28205128205128205,0.008181480104127928,query_1,"['GO:0032502', 'GO:0050789']"
GO:BP,GO:0045060,negative thymic T cell selection,0.017279312405606945,True,"""The process of elimination of immature T cells in the thymus which react strongly with self-antigens."" [ISBN:0781735149, PMID:12414722]",14,78,3,25907,0.038461538461538464,0.21428571428571427,query_1,"['GO:0043383', 'GO:0045061']"
GO:BP,GO:0030099,myeloid cell differentiation,0.018209397510587293,True,"""The process in which a relatively unspecialized myeloid precursor cell acquires the specialized features of any cell of the myeloid leukocyte, megakaryocyte, thrombocyte, or erythrocyte lineages."" [GOC:add, ISBN:0781735149]",459,78,9,25907,0.11538461538461539,0.0196078431372549,query_1,"['GO:0030097', 'GO:0030154']"
GO:BP,GO:0030890,positive regulation of B cell proliferation,0.019097697996414194,True,"""Any process that activates or increases the rate or extent of B cell proliferation."" [GOC:mah]",45,78,4,25907,0.05128205128205128,0.08888888888888889,query_1,"['GO:0030888', 'GO:0042100', 'GO:0050671', 'GO:0050871']"
GO:BP,GO:0072676,lymphocyte migration,0.020882341649826955,True,"""The movement of a lymphocyte within or between different tissues and organs of the body."" [CL:0000542, GOC:BHF, GOC:mah]",97,78,5,25907,0.0641025641025641,0.05154639175257732,query_1,['GO:0071674']
GO:BP,GO:0043383,negative T cell selection,0.021552297581828604,True,"""The process of elimination of immature T cells which react strongly with self-antigens."" [ISBN:0781735149, PMID:12414722]",15,78,3,25907,0.038461538461538464,0.2,query_1,['GO:0045058']
GO:BP,GO:0001819,positive regulation of cytokine production,0.02161760488662119,True,"""Any process that activates or increases the frequency, rate or extent of production of a cytokine."" [GOC:add, ISBN:0781735149]",469,78,9,25907,0.11538461538461539,0.019189765458422176,query_1,"['GO:0001816', 'GO:0001817', 'GO:0010628', 'GO:0051240']"
GO:BP,GO:0010604,positive regulation of macromolecule metabolic process,0.022544934327122006,True,"""Any process that increases the frequency, rate or extent of the chemical reactions and pathways involving macromolecules, any molecule of high relative molecular mass, the structure of which essentially comprises the multiple repetition of units derived, actually or conceptually, from molecules of low relative molecular mass."" [GOC:dph, GOC:tb]",3174,78,24,25907,0.3076923076923077,0.007561436672967864,query_1,"['GO:0009893', 'GO:0043170', 'GO:0060255']"
GO:BP,GO:0019221,cytokine-mediated signaling pathway,0.023126056672844956,True,"""The series of molecular signals initiated by the binding of a cytokine to a receptor on the surface of a cell, and ending with the regulation of a downstream cellular process, e.g. transcription."" [GOC:mah, GOC:signaling, PMID:19295629]",473,78,9,25907,0.11538461538461539,0.019027484143763214,query_1,"['GO:0007166', 'GO:0071345']"
GO:BP,GO:0048584,positive regulation of response to stimulus,0.025355983538925583,True,"""Any process that activates, maintains or increases the rate of a response to a stimulus. Response to stimulus is a change in state or activity of a cell or an organism (in terms of movement, secretion, enzyme production, gene expression, etc.) as a result of a stimulus."" [GOC:jid]",2336,78,20,25907,0.2564102564102564,0.008561643835616438,query_1,"['GO:0048518', 'GO:0048583', 'GO:0050896']"
GO:BP,GO:0032760,positive regulation of tumor necrosis factor production,0.025426423930681678,True,"""Any process that activates or increases the frequency, rate or extent of tumor necrosis factor production."" [GO_REF:0000058, GOC:TermGenie, PMID:10891884, PMID:15560120]",101,78,5,25907,0.0641025641025641,0.04950495049504951,query_1,"['GO:0032640', 'GO:0032680', 'GO:1903557']"
GO:BP,GO:0010628,positive regulation of gene expression,0.026565375041419235,True,"""Any process that increases the frequency, rate or extent of gene expression. Gene expression is the process in which a gene's coding sequence is converted into a mature gene product (protein or RNA)."" [GOC:txnOH-2018]",1216,78,14,25907,0.1794871794871795,0.011513157894736841,query_1,"['GO:0010467', 'GO:0010468', 'GO:0010557']"
GO:BP,GO:0043367,"CD4-positive, alpha-beta T cell differentiation",0.026674487833135356,True,"""The process in which a relatively unspecialized T cell acquires specialized features of a mature CD4-positive, alpha-beta T cell."" [CL:0000624, ISBN:0781735149]",102,78,5,25907,0.0641025641025641,0.049019607843137254,query_1,"['GO:0035710', 'GO:0046632']"
KEGG,KEGG:05166,Human T-cell leukemia virus 1 infection,0.026791403167620853,True,Human T-cell leukemia virus 1 infection,242,52,7,9330,0.1346153846153846,0.028925619834710745,query_1,['KEGG:00000']
GO:BP,GO:1903557,positive regulation of tumor necrosis factor superfamily cytokine production,0.02796981835145329,True,"""Any process that activates or increases the frequency, rate or extent of tumor necrosis factor superfamily cytokine production."" [GO_REF:0000058, GOC:TermGenie, PMID:24187568]",103,78,5,25907,0.0641025641025641,0.04854368932038835,query_1,"['GO:0001819', 'GO:0071706', 'GO:1903555']"
GO:BP,GO:2000404,regulation of T cell migration,0.02918425459759815,True,"""Any process that modulates the frequency, rate or extent of T cell migration."" [GOC:mah]",50,78,4,25907,0.05128205128205128,0.08,query_1,"['GO:0072678', 'GO:2000401']"
GO:BP,GO:0071345,cellular response to cytokine stimulus,0.029782724921835865,True,"""Any process that results in a change in state or activity of a cell (in terms of movement, secretion, enzyme production, gene expression, etc.) as a result of a cytokine stimulus."" [GOC:mah]",1063,78,13,25907,0.16666666666666666,0.012229539040451553,query_1,['GO:0034097']
GO:BP,GO:0048468,cell development,0.03079299890506104,True,"""The cellular developmental process in which a specific cell progresses from an immature to a mature state. Cell development start once cell commitment has taken place."" [GOC:go_curators]",3233,78,24,25907,0.3076923076923077,0.007423445716053201,query_1,"['GO:0030154', 'GO:0048856', 'GO:0048869']"
GO:BP,GO:0046638,positive regulation of alpha-beta T cell differentiation,0.03159586055961133,True,"""Any process that activates or increases the frequency, rate or extent of alpha-beta T cell differentiation."" [GOC:ai]",51,78,4,25907,0.05128205128205128,0.0784313725490196,query_1,"['GO:0045582', 'GO:0046632', 'GO:0046635', 'GO:0046637']"
GO:BP,GO:0045807,positive regulation of endocytosis,0.03251725395860852,True,"""Any process that activates or increases the frequency, rate or extent of endocytosis."" [GOC:go_curators]",180,78,6,25907,0.07692307692307693,0.03333333333333333,query_1,"['GO:0006897', 'GO:0030100', 'GO:0051050', 'GO:0051130']"
GO:BP,GO:0045580,regulation of T cell differentiation,0.03251725395860852,True,"""Any process that modulates the frequency, rate or extent of T cell differentiation."" [GOC:go_curators]",180,78,6,25907,0.07692307692307693,0.03333333333333333,query_1,"['GO:0030217', 'GO:0045619', 'GO:0050863']"
GO:BP,GO:0008630,intrinsic apoptotic signaling pathway in response to DNA damage,0.03364923603634197,True,"""The series of molecular signals in which an intracellular signal is conveyed to trigger the apoptotic death of a cell. The pathway is induced by the detection of DNA damage, and ends when the execution phase of apoptosis is triggered."" [GOC:go_curators, GOC:mtg_apoptosis]",107,78,5,25907,0.0641025641025641,0.04672897196261682,query_1,"['GO:0006974', 'GO:0097193']"
GO:BP,GO:0060284,regulation of cell development,0.0352310281187244,True,"""Any process that modulates the rate, frequency or extent of the progression of the cell over time, from its formation to the mature structure. Cell development does not include the steps involved in committing a cell to a specific fate."" [GOC:dph, GOC:tb]",921,78,12,25907,0.15384615384615385,0.013029315960912053,query_1,"['GO:0045595', 'GO:0048468']"
KEGG,KEGG:04670,Leukocyte transendothelial migration,0.035976221800507975,True,Leukocyte transendothelial migration,118,52,5,9330,0.09615384615384616,0.0423728813559322,query_1,['KEGG:00000']
GO:BP,GO:0042981,regulation of apoptotic process,0.03662446770349139,True,"""Any process that modulates the occurrence or rate of cell death by apoptotic process."" [GOC:jl, GOC:mtg_apoptosis]",1608,78,16,25907,0.20512820512820512,0.009950248756218905,query_1,"['GO:0006915', 'GO:0043067']"
GO:BP,GO:0002823,negative regulation of adaptive immune response based on somatic recombination of immune receptors built from immunoglobulin superfamily domains,0.03685452444778805,True,"""Any process that stops, prevents, or reduces the frequency, rate, or extent of an adaptive immune response based on somatic recombination of immune receptors built from immunoglobulin superfamily domains. An example of this process is found in the Gnathostomata."" [GOC:add, GOC:mtg_sensu]",53,78,4,25907,0.05128205128205128,0.07547169811320754,query_1,"['GO:0002460', 'GO:0002820', 'GO:0002822']"
GO:BP,GO:0048519,negative regulation of biological process,0.039111012475357504,True,"""Any process that stops, prevents, or reduces the frequency, rate or extent of a biological process. Biological processes are regulated by many means; examples include the control of gene expression, protein modification or interaction with a protein or substrate molecule."" [GOC:jid]",5759,78,34,25907,0.4358974358974359,0.005903802743531863,query_1,"['GO:0008150', 'GO:0050789']"
GO:BP,GO:0002695,negative regulation of leukocyte activation,0.04033505337605314,True,"""Any process that stops, prevents, or reduces the frequency, rate, or extent of leukocyte activation."" [GOC:add]",187,78,6,25907,0.07692307692307693,0.03208556149732621,query_1,"['GO:0002683', 'GO:0002694', 'GO:0045321', 'GO:0050866']"
KEGG,KEGG:04660,T cell receptor signaling pathway,0.04191425575753235,True,T cell receptor signaling pathway,122,52,5,9330,0.09615384615384616,0.040983606557377046,query_1,['KEGG:00000']
GO:BP,GO:0002820,negative regulation of adaptive immune response,0.04926392333755878,True,"""Any process that stops, prevents, or reduces the frequency, rate, or extent of an adaptive immune response."" [GOC:add]",57,78,4,25907,0.05128205128205128,0.07017543859649122,query_1,"['GO:0002250', 'GO:0002819', 'GO:0050777']"
